provider,filename,path
kt,0e9U8QvPXjdj.png,/data/plugins/tvh_m3u_plugin/docs/assets/kt/0e9U8QvPXjdj.png
kt,1GD2zYkQQ43I.png,/data/plugins/tvh_m3u_plugin/docs/assets/kt/1GD2zYkQQ43I.png
kt,1KbQ3aolzvOW.png,/data/plugins/tvh_m3u_plugin/docs/assets/kt/1KbQ3aolzvOW.png
kt,23nWT7fPei1z.png,/data/plugins/tvh_m3u_plugin/docs/assets/kt/23nWT7fPei1z.png
kt,2NXBFhiBWtDw.png,/data/plugins/tvh_m3u_plugin/docs/assets/kt/2NXBFhiBWtDw.png
kt,3KtWsWHXuwxH.png,/data/plugins/tvh_m3u_plugin/docs/assets/kt/3KtWsWHXuwxH.png
kt,4NyL6uLSlQQW.png,/data/plugins/tvh_m3u_plugin/docs/assets/kt/4NyL6uLSlQQW.png
kt,4eGJmtcIsLaK.png,/data/plugins/tvh_m3u_plugin/docs/assets/kt/4eGJmtcIsLaK.png
kt,51fpovQTLNZY.png,/data/plugins/tvh_m3u_plugin/docs/assets/kt/51fpovQTLNZY.png
kt,5qQJMxg5pHLS.png,/data/plugins/tvh_m3u_plugin/docs/assets/kt/5qQJMxg5pHLS.png
kt,6CMRr6QuDuXe.png,/data/plugins/tvh_m3u_plugin/docs/assets/kt/6CMRr6QuDuXe.png
kt,79E2cWYlxA6r.png,/data/plugins/tvh_m3u_plugin/docs/assets/kt/79E2cWYlxA6r.png
kt,7kWIqRkPBOy2.png,/data/plugins/tvh_m3u_plugin/docs/assets/kt/7kWIqRkPBOy2.png
kt,8GSRFbujMkGw.png,/data/plugins/tvh_m3u_plugin/docs/assets/kt/8GSRFbujMkGw.png
kt,9OrHA8JIhzzz.png,/data/plugins/tvh_m3u_plugin/docs/assets/kt/9OrHA8JIhzzz.png
kt,9Po9bJqTcKpf.png,/data/plugins/tvh_m3u_plugin/docs/assets/kt/9Po9bJqTcKpf.png
kt,9Q1aW8GjF0kS.png,/data/plugins/tvh_m3u_plugin/docs/assets/kt/9Q1aW8GjF0kS.png
kt,9qWywpjxEqtQ.png,/data/plugins/tvh_m3u_plugin/docs/assets/kt/9qWywpjxEqtQ.png
kt,A4Rj5mPfNZqV.png,/data/plugins/tvh_m3u_plugin/docs/assets/kt/A4Rj5mPfNZqV.png
kt,Abx9Y6q0BqzV.png,/data/plugins/tvh_m3u_plugin/docs/assets/kt/Abx9Y6q0BqzV.png
kt,BClacGKKC8er.png,/data/plugins/tvh_m3u_plugin/docs/assets/kt/BClacGKKC8er.png
kt,C1zxWQNlNfRF.png,/data/plugins/tvh_m3u_plugin/docs/assets/kt/C1zxWQNlNfRF.png
kt,CSvgrxSip9gz.png,/data/plugins/tvh_m3u_plugin/docs/assets/kt/CSvgrxSip9gz.png
kt,D5WiviwGpxam.png,/data/plugins/tvh_m3u_plugin/docs/assets/kt/D5WiviwGpxam.png
kt,DNc72SnegTDH.png,/data/plugins/tvh_m3u_plugin/docs/assets/kt/DNc72SnegTDH.png
kt,DvzbK9T8mzQ4.png,/data/plugins/tvh_m3u_plugin/docs/assets/kt/DvzbK9T8mzQ4.png
kt,F4I7WUhbcU0s.png,/data/plugins/tvh_m3u_plugin/docs/assets/kt/F4I7WUhbcU0s.png
kt,FWf9dGi5vdLd.png,/data/plugins/tvh_m3u_plugin/docs/assets/kt/FWf9dGi5vdLd.png
kt,FcEPrZCAjczs.png,/data/plugins/tvh_m3u_plugin/docs/assets/kt/FcEPrZCAjczs.png
kt,G9Q5c9qHawDU.png,/data/plugins/tvh_m3u_plugin/docs/assets/kt/G9Q5c9qHawDU.png
kt,GaavdSjFZ9jk.png,/data/plugins/tvh_m3u_plugin/docs/assets/kt/GaavdSjFZ9jk.png
kt,H2CaztAygPoO.png,/data/plugins/tvh_m3u_plugin/docs/assets/kt/H2CaztAygPoO.png
kt,HxepWlFFan3P.png,/data/plugins/tvh_m3u_plugin/docs/assets/kt/HxepWlFFan3P.png
kt,I1KxPm9nab0T.png,/data/plugins/tvh_m3u_plugin/docs/assets/kt/I1KxPm9nab0T.png
kt,JE9RjkgVaP9J.png,/data/plugins/tvh_m3u_plugin/docs/assets/kt/JE9RjkgVaP9J.png
kt,JK5GsH0dheV4.png,/data/plugins/tvh_m3u_plugin/docs/assets/kt/JK5GsH0dheV4.png
kt,Ja1IyU5Ejn3E.png,/data/plugins/tvh_m3u_plugin/docs/assets/kt/Ja1IyU5Ejn3E.png
kt,Jl1QYf5sT1Mv.png,/data/plugins/tvh_m3u_plugin/docs/assets/kt/Jl1QYf5sT1Mv.png
kt,LarGv8As5tQn.png,/data/plugins/tvh_m3u_plugin/docs/assets/kt/LarGv8As5tQn.png
kt,N2NcpKu1Y7mr.png,/data/plugins/tvh_m3u_plugin/docs/assets/kt/N2NcpKu1Y7mr.png
kt,NkooYZqNRBLF.png,/data/plugins/tvh_m3u_plugin/docs/assets/kt/NkooYZqNRBLF.png
kt,ORBhJ0BOE03n.png,/data/plugins/tvh_m3u_plugin/docs/assets/kt/ORBhJ0BOE03n.png
kt,P6BaCMY7fVJD.png,/data/plugins/tvh_m3u_plugin/docs/assets/kt/P6BaCMY7fVJD.png
kt,PBIDhQs3RP0A.png,/data/plugins/tvh_m3u_plugin/docs/assets/kt/PBIDhQs3RP0A.png
kt,PCbaOJniKEcq.png,/data/plugins/tvh_m3u_plugin/docs/assets/kt/PCbaOJniKEcq.png
kt,QcTPWMT4wB9O.png,/data/plugins/tvh_m3u_plugin/docs/assets/kt/QcTPWMT4wB9O.png
kt,ROi6pTMJFDEA.png,/data/plugins/tvh_m3u_plugin/docs/assets/kt/ROi6pTMJFDEA.png
kt,S8ZSSCzK9Vs0.png,/data/plugins/tvh_m3u_plugin/docs/assets/kt/S8ZSSCzK9Vs0.png
kt,T04eBQfD8ckD.png,/data/plugins/tvh_m3u_plugin/docs/assets/kt/T04eBQfD8ckD.png
kt,TB5KHfcUGVaz.png,/data/plugins/tvh_m3u_plugin/docs/assets/kt/TB5KHfcUGVaz.png
kt,U94EfnKeRYvc.png,/data/plugins/tvh_m3u_plugin/docs/assets/kt/U94EfnKeRYvc.png
kt,UdhAIRcMmnrC.png,/data/plugins/tvh_m3u_plugin/docs/assets/kt/UdhAIRcMmnrC.png
kt,UnRlq3Rq1SaB.png,/data/plugins/tvh_m3u_plugin/docs/assets/kt/UnRlq3Rq1SaB.png
kt,V7kXnbMCJqBn.png,/data/plugins/tvh_m3u_plugin/docs/assets/kt/V7kXnbMCJqBn.png
kt,VUVVe9hp58vh.png,/data/plugins/tvh_m3u_plugin/docs/assets/kt/VUVVe9hp58vh.png
kt,W3N6kbiTlvnb.png,/data/plugins/tvh_m3u_plugin/docs/assets/kt/W3N6kbiTlvnb.png
kt,W6P4nog5rI7k.png,/data/plugins/tvh_m3u_plugin/docs/assets/kt/W6P4nog5rI7k.png
kt,WLqbwUvYVjp7.png,/data/plugins/tvh_m3u_plugin/docs/assets/kt/WLqbwUvYVjp7.png
kt,WTw6CKYT78E8.png,/data/plugins/tvh_m3u_plugin/docs/assets/kt/WTw6CKYT78E8.png
kt,XUdIYLEgFmRq.png,/data/plugins/tvh_m3u_plugin/docs/assets/kt/XUdIYLEgFmRq.png
kt,Z9YmyVdCS7vs.png,/data/plugins/tvh_m3u_plugin/docs/assets/kt/Z9YmyVdCS7vs.png
kt,ZkmfOSpq9JIm.png,/data/plugins/tvh_m3u_plugin/docs/assets/kt/ZkmfOSpq9JIm.png
kt,ah7SxYIQ1gj0.png,/data/plugins/tvh_m3u_plugin/docs/assets/kt/ah7SxYIQ1gj0.png
kt,bQVYWRTYgB8X.png,/data/plugins/tvh_m3u_plugin/docs/assets/kt/bQVYWRTYgB8X.png
kt,brkg9XbftxNY.png,/data/plugins/tvh_m3u_plugin/docs/assets/kt/brkg9XbftxNY.png
kt,cFHTpTet59Jh.png,/data/plugins/tvh_m3u_plugin/docs/assets/kt/cFHTpTet59Jh.png
kt,dONVeetriZOD.png,/data/plugins/tvh_m3u_plugin/docs/assets/kt/dONVeetriZOD.png
kt,fg9wQI77q7y7.png,/data/plugins/tvh_m3u_plugin/docs/assets/kt/fg9wQI77q7y7.png
kt,gYToN81u1Ibw.png,/data/plugins/tvh_m3u_plugin/docs/assets/kt/gYToN81u1Ibw.png
kt,gtOEZHc7DpPj.png,/data/plugins/tvh_m3u_plugin/docs/assets/kt/gtOEZHc7DpPj.png
kt,gyaOpbeOH6hz.png,/data/plugins/tvh_m3u_plugin/docs/assets/kt/gyaOpbeOH6hz.png
kt,i2WVeScoM0lW.png,/data/plugins/tvh_m3u_plugin/docs/assets/kt/i2WVeScoM0lW.png
kt,iDspVQAhwW6L.png,/data/plugins/tvh_m3u_plugin/docs/assets/kt/iDspVQAhwW6L.png
kt,iLHUcOGRmalM.png,/data/plugins/tvh_m3u_plugin/docs/assets/kt/iLHUcOGRmalM.png
kt,iYgL6NR7upRw.png,/data/plugins/tvh_m3u_plugin/docs/assets/kt/iYgL6NR7upRw.png
kt,jm5IZwKGJPMY.png,/data/plugins/tvh_m3u_plugin/docs/assets/kt/jm5IZwKGJPMY.png
kt,k5Duk0kOflfO.png,/data/plugins/tvh_m3u_plugin/docs/assets/kt/k5Duk0kOflfO.png
kt,kIQ1ICk8cayf.png,/data/plugins/tvh_m3u_plugin/docs/assets/kt/kIQ1ICk8cayf.png
kt,l5pRSuPe60ad.png,/data/plugins/tvh_m3u_plugin/docs/assets/kt/l5pRSuPe60ad.png
kt,mbBOId7gXHQT.png,/data/plugins/tvh_m3u_plugin/docs/assets/kt/mbBOId7gXHQT.png
kt,n55atW3amf9A.png,/data/plugins/tvh_m3u_plugin/docs/assets/kt/n55atW3amf9A.png
kt,n6psaZx6Dbz8.png,/data/plugins/tvh_m3u_plugin/docs/assets/kt/n6psaZx6Dbz8.png
kt,owo3u1wiH31c.png,/data/plugins/tvh_m3u_plugin/docs/assets/kt/owo3u1wiH31c.png
kt,pDmLnr2P6zJG.png,/data/plugins/tvh_m3u_plugin/docs/assets/kt/pDmLnr2P6zJG.png
kt,q0doB5h7j9l2.png,/data/plugins/tvh_m3u_plugin/docs/assets/kt/q0doB5h7j9l2.png
kt,qWXB15fCD40f.png,/data/plugins/tvh_m3u_plugin/docs/assets/kt/qWXB15fCD40f.png
kt,s0d8DZCr0KNu.png,/data/plugins/tvh_m3u_plugin/docs/assets/kt/s0d8DZCr0KNu.png
kt,sF9JZl0ACVxl.png,/data/plugins/tvh_m3u_plugin/docs/assets/kt/sF9JZl0ACVxl.png
kt,sdUcRS0hUQ1Y.png,/data/plugins/tvh_m3u_plugin/docs/assets/kt/sdUcRS0hUQ1Y.png
kt,soTa051mN9jf.png,/data/plugins/tvh_m3u_plugin/docs/assets/kt/soTa051mN9jf.png
kt,sq2wQ72wWhXf.png,/data/plugins/tvh_m3u_plugin/docs/assets/kt/sq2wQ72wWhXf.png
kt,sqYsSUjrjvOZ.png,/data/plugins/tvh_m3u_plugin/docs/assets/kt/sqYsSUjrjvOZ.png
kt,t20Vs9QEdHNZ.png,/data/plugins/tvh_m3u_plugin/docs/assets/kt/t20Vs9QEdHNZ.png
kt,tiIBhPTbe960.png,/data/plugins/tvh_m3u_plugin/docs/assets/kt/tiIBhPTbe960.png
kt,tlvmBigYPwb6.png,/data/plugins/tvh_m3u_plugin/docs/assets/kt/tlvmBigYPwb6.png
kt,tmsSDdpZO6s1.png,/data/plugins/tvh_m3u_plugin/docs/assets/kt/tmsSDdpZO6s1.png
kt,uaiFEIHNctr9.png,/data/plugins/tvh_m3u_plugin/docs/assets/kt/uaiFEIHNctr9.png
kt,ul75p29PnqGa.png,/data/plugins/tvh_m3u_plugin/docs/assets/kt/ul75p29PnqGa.png
kt,v49xUMJ7Ehuu.png,/data/plugins/tvh_m3u_plugin/docs/assets/kt/v49xUMJ7Ehuu.png
kt,vE8x9tNww3Iu.png,/data/plugins/tvh_m3u_plugin/docs/assets/kt/vE8x9tNww3Iu.png
kt,vKfLEl7o3NHc.png,/data/plugins/tvh_m3u_plugin/docs/assets/kt/vKfLEl7o3NHc.png
kt,wjQUre4D4g1Z.png,/data/plugins/tvh_m3u_plugin/docs/assets/kt/wjQUre4D4g1Z.png
kt,xMZzyfp0qyCD.png,/data/plugins/tvh_m3u_plugin/docs/assets/kt/xMZzyfp0qyCD.png
kt,xoHIGNGFuxxv.png,/data/plugins/tvh_m3u_plugin/docs/assets/kt/xoHIGNGFuxxv.png
kt,zWiHyNn7YCwJ.png,/data/plugins/tvh_m3u_plugin/docs/assets/kt/zWiHyNn7YCwJ.png
kt,zX43H4jbCxZ8.png,/data/plugins/tvh_m3u_plugin/docs/assets/kt/zX43H4jbCxZ8.png
kt,ziciL9RkmKlQ.png,/data/plugins/tvh_m3u_plugin/docs/assets/kt/ziciL9RkmKlQ.png
sk,0e9U8QvPXjdj.png,/data/plugins/tvh_m3u_plugin/docs/assets/sk/0e9U8QvPXjdj.png
sk,23nWT7fPei1z.png,/data/plugins/tvh_m3u_plugin/docs/assets/sk/23nWT7fPei1z.png
sk,2NXBFhiBWtDw.png,/data/plugins/tvh_m3u_plugin/docs/assets/sk/2NXBFhiBWtDw.png
sk,4NyL6uLSlQQW.png,/data/plugins/tvh_m3u_plugin/docs/assets/sk/4NyL6uLSlQQW.png
sk,4eGJmtcIsLaK.png,/data/plugins/tvh_m3u_plugin/docs/assets/sk/4eGJmtcIsLaK.png
sk,51fpovQTLNZY.png,/data/plugins/tvh_m3u_plugin/docs/assets/sk/51fpovQTLNZY.png
sk,5qQJMxg5pHLS.png,/data/plugins/tvh_m3u_plugin/docs/assets/sk/5qQJMxg5pHLS.png
sk,6CMRr6QuDuXe.png,/data/plugins/tvh_m3u_plugin/docs/assets/sk/6CMRr6QuDuXe.png
sk,79E2cWYlxA6r.png,/data/plugins/tvh_m3u_plugin/docs/assets/sk/79E2cWYlxA6r.png
sk,7kWIqRkPBOy2.png,/data/plugins/tvh_m3u_plugin/docs/assets/sk/7kWIqRkPBOy2.png
sk,8GSRFbujMkGw.png,/data/plugins/tvh_m3u_plugin/docs/assets/sk/8GSRFbujMkGw.png
sk,8wPoudMROYXH.png,/data/plugins/tvh_m3u_plugin/docs/assets/sk/8wPoudMROYXH.png
sk,9Nn85X4ZVdzs.png,/data/plugins/tvh_m3u_plugin/docs/assets/sk/9Nn85X4ZVdzs.png
sk,9OrHA8JIhzzz.png,/data/plugins/tvh_m3u_plugin/docs/assets/sk/9OrHA8JIhzzz.png
sk,9Q1aW8GjF0kS.png,/data/plugins/tvh_m3u_plugin/docs/assets/sk/9Q1aW8GjF0kS.png
sk,9qWywpjxEqtQ.png,/data/plugins/tvh_m3u_plugin/docs/assets/sk/9qWywpjxEqtQ.png
sk,A4Rj5mPfNZqV.png,/data/plugins/tvh_m3u_plugin/docs/assets/sk/A4Rj5mPfNZqV.png
sk,Abx9Y6q0BqzV.png,/data/plugins/tvh_m3u_plugin/docs/assets/sk/Abx9Y6q0BqzV.png
sk,Ax5cVCy3AUv5.png,/data/plugins/tvh_m3u_plugin/docs/assets/sk/Ax5cVCy3AUv5.png
sk,BClacGKKC8er.png,/data/plugins/tvh_m3u_plugin/docs/assets/sk/BClacGKKC8er.png
sk,C1zxWQNlNfRF.png,/data/plugins/tvh_m3u_plugin/docs/assets/sk/C1zxWQNlNfRF.png
sk,CSvgrxSip9gz.png,/data/plugins/tvh_m3u_plugin/docs/assets/sk/CSvgrxSip9gz.png
sk,D1r4G4cbbFOg.png,/data/plugins/tvh_m3u_plugin/docs/assets/sk/D1r4G4cbbFOg.png
sk,D5WiviwGpxam.png,/data/plugins/tvh_m3u_plugin/docs/assets/sk/D5WiviwGpxam.png
sk,DNc72SnegTDH.png,/data/plugins/tvh_m3u_plugin/docs/assets/sk/DNc72SnegTDH.png
sk,DvzbK9T8mzQ4.png,/data/plugins/tvh_m3u_plugin/docs/assets/sk/DvzbK9T8mzQ4.png
sk,EHOrUUP3VDsi.png,/data/plugins/tvh_m3u_plugin/docs/assets/sk/EHOrUUP3VDsi.png
sk,F4I7WUhbcU0s.png,/data/plugins/tvh_m3u_plugin/docs/assets/sk/F4I7WUhbcU0s.png
sk,FFfyYAwrvexa.png,/data/plugins/tvh_m3u_plugin/docs/assets/sk/FFfyYAwrvexa.png
sk,FWf9dGi5vdLd.png,/data/plugins/tvh_m3u_plugin/docs/assets/sk/FWf9dGi5vdLd.png
sk,FcEPrZCAjczs.png,/data/plugins/tvh_m3u_plugin/docs/assets/sk/FcEPrZCAjczs.png
sk,G9Q5c9qHawDU.png,/data/plugins/tvh_m3u_plugin/docs/assets/sk/G9Q5c9qHawDU.png
sk,GaavdSjFZ9jk.png,/data/plugins/tvh_m3u_plugin/docs/assets/sk/GaavdSjFZ9jk.png
sk,H2CaztAygPoO.png,/data/plugins/tvh_m3u_plugin/docs/assets/sk/H2CaztAygPoO.png
sk,HxepWlFFan3P.png,/data/plugins/tvh_m3u_plugin/docs/assets/sk/HxepWlFFan3P.png
sk,I1KxPm9nab0T.png,/data/plugins/tvh_m3u_plugin/docs/assets/sk/I1KxPm9nab0T.png
sk,JE9RjkgVaP9J.png,/data/plugins/tvh_m3u_plugin/docs/assets/sk/JE9RjkgVaP9J.png
sk,JK5GsH0dheV4.png,/data/plugins/tvh_m3u_plugin/docs/assets/sk/JK5GsH0dheV4.png
sk,Ja1IyU5Ejn3E.png,/data/plugins/tvh_m3u_plugin/docs/assets/sk/Ja1IyU5Ejn3E.png
sk,Jl1QYf5sT1Mv.png,/data/plugins/tvh_m3u_plugin/docs/assets/sk/Jl1QYf5sT1Mv.png
sk,LTZYpkJcYItk.png,/data/plugins/tvh_m3u_plugin/docs/assets/sk/LTZYpkJcYItk.png
sk,Mr99E1TjlN0G.png,/data/plugins/tvh_m3u_plugin/docs/assets/sk/Mr99E1TjlN0G.png
sk,N2NcpKu1Y7mr.png,/data/plugins/tvh_m3u_plugin/docs/assets/sk/N2NcpKu1Y7mr.png
sk,NkooYZqNRBLF.png,/data/plugins/tvh_m3u_plugin/docs/assets/sk/NkooYZqNRBLF.png
sk,ORBhJ0BOE03n.png,/data/plugins/tvh_m3u_plugin/docs/assets/sk/ORBhJ0BOE03n.png
sk,OUznIfuITfNm.png,/data/plugins/tvh_m3u_plugin/docs/assets/sk/OUznIfuITfNm.png
sk,P6BaCMY7fVJD.png,/data/plugins/tvh_m3u_plugin/docs/assets/sk/P6BaCMY7fVJD.png
sk,PBIDhQs3RP0A.png,/data/plugins/tvh_m3u_plugin/docs/assets/sk/PBIDhQs3RP0A.png
sk,PCbaOJniKEcq.png,/data/plugins/tvh_m3u_plugin/docs/assets/sk/PCbaOJniKEcq.png
sk,QcTPWMT4wB9O.png,/data/plugins/tvh_m3u_plugin/docs/assets/sk/QcTPWMT4wB9O.png
sk,ROi6pTMJFDEA.png,/data/plugins/tvh_m3u_plugin/docs/assets/sk/ROi6pTMJFDEA.png
sk,S8ZSSCzK9Vs0.png,/data/plugins/tvh_m3u_plugin/docs/assets/sk/S8ZSSCzK9Vs0.png
sk,TB5KHfcUGVaz.png,/data/plugins/tvh_m3u_plugin/docs/assets/sk/TB5KHfcUGVaz.png
sk,U94EfnKeRYvc.png,/data/plugins/tvh_m3u_plugin/docs/assets/sk/U94EfnKeRYvc.png
sk,UdhAIRcMmnrC.png,/data/plugins/tvh_m3u_plugin/docs/assets/sk/UdhAIRcMmnrC.png
sk,UnRlq3Rq1SaB.png,/data/plugins/tvh_m3u_plugin/docs/assets/sk/UnRlq3Rq1SaB.png
sk,V7kXnbMCJqBn.png,/data/plugins/tvh_m3u_plugin/docs/assets/sk/V7kXnbMCJqBn.png
sk,VUVVe9hp58vh.png,/data/plugins/tvh_m3u_plugin/docs/assets/sk/VUVVe9hp58vh.png
sk,W3N6kbiTlvnb.png,/data/plugins/tvh_m3u_plugin/docs/assets/sk/W3N6kbiTlvnb.png
sk,W6P4nog5rI7k.png,/data/plugins/tvh_m3u_plugin/docs/assets/sk/W6P4nog5rI7k.png
sk,WLqbwUvYVjp7.png,/data/plugins/tvh_m3u_plugin/docs/assets/sk/WLqbwUvYVjp7.png
sk,WTw6CKYT78E8.png,/data/plugins/tvh_m3u_plugin/docs/assets/sk/WTw6CKYT78E8.png
sk,XUdIYLEgFmRq.png,/data/plugins/tvh_m3u_plugin/docs/assets/sk/XUdIYLEgFmRq.png
sk,Z9YmyVdCS7vs.png,/data/plugins/tvh_m3u_plugin/docs/assets/sk/Z9YmyVdCS7vs.png
sk,ZkmfOSpq9JIm.png,/data/plugins/tvh_m3u_plugin/docs/assets/sk/ZkmfOSpq9JIm.png
sk,ah7SxYIQ1gj0.png,/data/plugins/tvh_m3u_plugin/docs/assets/sk/ah7SxYIQ1gj0.png
sk,bQVYWRTYgB8X.png,/data/plugins/tvh_m3u_plugin/docs/assets/sk/bQVYWRTYgB8X.png
sk,bTj5BY5kXbch.png,/data/plugins/tvh_m3u_plugin/docs/assets/sk/bTj5BY5kXbch.png
sk,brkg9XbftxNY.png,/data/plugins/tvh_m3u_plugin/docs/assets/sk/brkg9XbftxNY.png
sk,cFHTpTet59Jh.png,/data/plugins/tvh_m3u_plugin/docs/assets/sk/cFHTpTet59Jh.png
sk,cnW1HFZ2duYa.png,/data/plugins/tvh_m3u_plugin/docs/assets/sk/cnW1HFZ2duYa.png
sk,dONVeetriZOD.png,/data/plugins/tvh_m3u_plugin/docs/assets/sk/dONVeetriZOD.png
sk,gYToN81u1Ibw.png,/data/plugins/tvh_m3u_plugin/docs/assets/sk/gYToN81u1Ibw.png
sk,gtOEZHc7DpPj.png,/data/plugins/tvh_m3u_plugin/docs/assets/sk/gtOEZHc7DpPj.png
sk,gyaOpbeOH6hz.png,/data/plugins/tvh_m3u_plugin/docs/assets/sk/gyaOpbeOH6hz.png
sk,iDspVQAhwW6L.png,/data/plugins/tvh_m3u_plugin/docs/assets/sk/iDspVQAhwW6L.png
sk,iLHUcOGRmalM.png,/data/plugins/tvh_m3u_plugin/docs/assets/sk/iLHUcOGRmalM.png
sk,iYgL6NR7upRw.png,/data/plugins/tvh_m3u_plugin/docs/assets/sk/iYgL6NR7upRw.png
sk,jLL99gMtuBr2.png,/data/plugins/tvh_m3u_plugin/docs/assets/sk/jLL99gMtuBr2.png
sk,jm5IZwKGJPMY.png,/data/plugins/tvh_m3u_plugin/docs/assets/sk/jm5IZwKGJPMY.png
sk,k5Duk0kOflfO.png,/data/plugins/tvh_m3u_plugin/docs/assets/sk/k5Duk0kOflfO.png
sk,kIQ1ICk8cayf.png,/data/plugins/tvh_m3u_plugin/docs/assets/sk/kIQ1ICk8cayf.png
sk,l5pRSuPe60ad.png,/data/plugins/tvh_m3u_plugin/docs/assets/sk/l5pRSuPe60ad.png
sk,mbBOId7gXHQT.png,/data/plugins/tvh_m3u_plugin/docs/assets/sk/mbBOId7gXHQT.png
sk,n55atW3amf9A.png,/data/plugins/tvh_m3u_plugin/docs/assets/sk/n55atW3amf9A.png
sk,n6psaZx6Dbz8.png,/data/plugins/tvh_m3u_plugin/docs/assets/sk/n6psaZx6Dbz8.png
sk,n8TTtzNLn6i3.png,/data/plugins/tvh_m3u_plugin/docs/assets/sk/n8TTtzNLn6i3.png
sk,owo3u1wiH31c.png,/data/plugins/tvh_m3u_plugin/docs/assets/sk/owo3u1wiH31c.png
sk,pDmLnr2P6zJG.png,/data/plugins/tvh_m3u_plugin/docs/assets/sk/pDmLnr2P6zJG.png
sk,q0doB5h7j9l2.png,/data/plugins/tvh_m3u_plugin/docs/assets/sk/q0doB5h7j9l2.png
sk,qWXB15fCD40f.png,/data/plugins/tvh_m3u_plugin/docs/assets/sk/qWXB15fCD40f.png
sk,s0d8DZCr0KNu.png,/data/plugins/tvh_m3u_plugin/docs/assets/sk/s0d8DZCr0KNu.png
sk,sF9JZl0ACVxl.png,/data/plugins/tvh_m3u_plugin/docs/assets/sk/sF9JZl0ACVxl.png
sk,sdUcRS0hUQ1Y.png,/data/plugins/tvh_m3u_plugin/docs/assets/sk/sdUcRS0hUQ1Y.png
sk,soTa051mN9jf.png,/data/plugins/tvh_m3u_plugin/docs/assets/sk/soTa051mN9jf.png
sk,sq2wQ72wWhXf.png,/data/plugins/tvh_m3u_plugin/docs/assets/sk/sq2wQ72wWhXf.png
sk,sqYsSUjrjvOZ.png,/data/plugins/tvh_m3u_plugin/docs/assets/sk/sqYsSUjrjvOZ.png
sk,t11xa8OnIl95.png,/data/plugins/tvh_m3u_plugin/docs/assets/sk/t11xa8OnIl95.png
sk,t20Vs9QEdHNZ.png,/data/plugins/tvh_m3u_plugin/docs/assets/sk/t20Vs9QEdHNZ.png
sk,tiIBhPTbe960.png,/data/plugins/tvh_m3u_plugin/docs/assets/sk/tiIBhPTbe960.png
sk,tlvmBigYPwb6.png,/data/plugins/tvh_m3u_plugin/docs/assets/sk/tlvmBigYPwb6.png
sk,tmsSDdpZO6s1.png,/data/plugins/tvh_m3u_plugin/docs/assets/sk/tmsSDdpZO6s1.png
sk,uaiFEIHNctr9.png,/data/plugins/tvh_m3u_plugin/docs/assets/sk/uaiFEIHNctr9.png
sk,ul75p29PnqGa.png,/data/plugins/tvh_m3u_plugin/docs/assets/sk/ul75p29PnqGa.png
sk,v49xUMJ7Ehuu.png,/data/plugins/tvh_m3u_plugin/docs/assets/sk/v49xUMJ7Ehuu.png
sk,vE8x9tNww3Iu.png,/data/plugins/tvh_m3u_plugin/docs/assets/sk/vE8x9tNww3Iu.png
sk,vKfLEl7o3NHc.png,/data/plugins/tvh_m3u_plugin/docs/assets/sk/vKfLEl7o3NHc.png
sk,vNvSuWgd4IAg.png,/data/plugins/tvh_m3u_plugin/docs/assets/sk/vNvSuWgd4IAg.png
sk,wjQUre4D4g1Z.png,/data/plugins/tvh_m3u_plugin/docs/assets/sk/wjQUre4D4g1Z.png
sk,xMZzyfp0qyCD.png,/data/plugins/tvh_m3u_plugin/docs/assets/sk/xMZzyfp0qyCD.png
sk,xoHIGNGFuxxv.png,/data/plugins/tvh_m3u_plugin/docs/assets/sk/xoHIGNGFuxxv.png
sk,zWiHyNn7YCwJ.png,/data/plugins/tvh_m3u_plugin/docs/assets/sk/zWiHyNn7YCwJ.png
sk,zX43H4jbCxZ8.png,/data/plugins/tvh_m3u_plugin/docs/assets/sk/zX43H4jbCxZ8.png
sk,ziciL9RkmKlQ.png,/data/plugins/tvh_m3u_plugin/docs/assets/sk/ziciL9RkmKlQ.png
wavve,0e9U8QvPXjdj.png,/data/plugins/tvh_m3u_plugin/docs/assets/wavve/0e9U8QvPXjdj.png
wavve,23nWT7fPei1z.png,/data/plugins/tvh_m3u_plugin/docs/assets/wavve/23nWT7fPei1z.png
wavve,4NyL6uLSlQQW.png,/data/plugins/tvh_m3u_plugin/docs/assets/wavve/4NyL6uLSlQQW.png
wavve,8GSRFbujMkGw.png,/data/plugins/tvh_m3u_plugin/docs/assets/wavve/8GSRFbujMkGw.png
wavve,9Q1aW8GjF0kS.png,/data/plugins/tvh_m3u_plugin/docs/assets/wavve/9Q1aW8GjF0kS.png
wavve,9qWywpjxEqtQ.png,/data/plugins/tvh_m3u_plugin/docs/assets/wavve/9qWywpjxEqtQ.png
wavve,A4Rj5mPfNZqV.png,/data/plugins/tvh_m3u_plugin/docs/assets/wavve/A4Rj5mPfNZqV.png
wavve,D5WiviwGpxam.png,/data/plugins/tvh_m3u_plugin/docs/assets/wavve/D5WiviwGpxam.png
wavve,DNc72SnegTDH.png,/data/plugins/tvh_m3u_plugin/docs/assets/wavve/DNc72SnegTDH.png
wavve,F4I7WUhbcU0s.png,/data/plugins/tvh_m3u_plugin/docs/assets/wavve/F4I7WUhbcU0s.png
wavve,H2CaztAygPoO.png,/data/plugins/tvh_m3u_plugin/docs/assets/wavve/H2CaztAygPoO.png
wavve,HxepWlFFan3P.png,/data/plugins/tvh_m3u_plugin/docs/assets/wavve/HxepWlFFan3P.png
wavve,JK5GsH0dheV4.png,/data/plugins/tvh_m3u_plugin/docs/assets/wavve/JK5GsH0dheV4.png
wavve,Ja1IyU5Ejn3E.png,/data/plugins/tvh_m3u_plugin/docs/assets/wavve/Ja1IyU5Ejn3E.png
wavve,Jl1QYf5sT1Mv.png,/data/plugins/tvh_m3u_plugin/docs/assets/wavve/Jl1QYf5sT1Mv.png
wavve,Mr99E1TjlN0G.png,/data/plugins/tvh_m3u_plugin/docs/assets/wavve/Mr99E1TjlN0G.png
wavve,N2NcpKu1Y7mr.png,/data/plugins/tvh_m3u_plugin/docs/assets/wavve/N2NcpKu1Y7mr.png
wavve,NkooYZqNRBLF.png,/data/plugins/tvh_m3u_plugin/docs/assets/wavve/NkooYZqNRBLF.png
wavve,PCbaOJniKEcq.png,/data/plugins/tvh_m3u_plugin/docs/assets/wavve/PCbaOJniKEcq.png
wavve,QcTPWMT4wB9O.png,/data/plugins/tvh_m3u_plugin/docs/assets/wavve/QcTPWMT4wB9O.png
wavve,T04eBQfD8ckD.png,/data/plugins/tvh_m3u_plugin/docs/assets/wavve/T04eBQfD8ckD.png
wavve,TB5KHfcUGVaz.png,/data/plugins/tvh_m3u_plugin/docs/assets/wavve/TB5KHfcUGVaz.png
wavve,W6P4nog5rI7k.png,/data/plugins/tvh_m3u_plugin/docs/assets/wavve/W6P4nog5rI7k.png
wavve,ah7SxYIQ1gj0.png,/data/plugins/tvh_m3u_plugin/docs/assets/wavve/ah7SxYIQ1gj0.png
wavve,bQVYWRTYgB8X.png,/data/plugins/tvh_m3u_plugin/docs/assets/wavve/bQVYWRTYgB8X.png
wavve,bTj5BY5kXbch.png,/data/plugins/tvh_m3u_plugin/docs/assets/wavve/bTj5BY5kXbch.png
wavve,gtOEZHc7DpPj.png,/data/plugins/tvh_m3u_plugin/docs/assets/wavve/gtOEZHc7DpPj.png
wavve,i2WVeScoM0lW.png,/data/plugins/tvh_m3u_plugin/docs/assets/wavve/i2WVeScoM0lW.png
wavve,k5Duk0kOflfO.png,/data/plugins/tvh_m3u_plugin/docs/assets/wavve/k5Duk0kOflfO.png
wavve,n55atW3amf9A.png,/data/plugins/tvh_m3u_plugin/docs/assets/wavve/n55atW3amf9A.png
wavve,n6psaZx6Dbz8.png,/data/plugins/tvh_m3u_plugin/docs/assets/wavve/n6psaZx6Dbz8.png
wavve,owo3u1wiH31c.png,/data/plugins/tvh_m3u_plugin/docs/assets/wavve/owo3u1wiH31c.png
wavve,q0doB5h7j9l2.png,/data/plugins/tvh_m3u_plugin/docs/assets/wavve/q0doB5h7j9l2.png
wavve,s0d8DZCr0KNu.png,/data/plugins/tvh_m3u_plugin/docs/assets/wavve/s0d8DZCr0KNu.png
wavve,soTa051mN9jf.png,/data/plugins/tvh_m3u_plugin/docs/assets/wavve/soTa051mN9jf.png
wavve,sq2wQ72wWhXf.png,/data/plugins/tvh_m3u_plugin/docs/assets/wavve/sq2wQ72wWhXf.png
wavve,t11xa8OnIl95.png,/data/plugins/tvh_m3u_plugin/docs/assets/wavve/t11xa8OnIl95.png
wavve,tlvmBigYPwb6.png,/data/plugins/tvh_m3u_plugin/docs/assets/wavve/tlvmBigYPwb6.png
wavve,tmsSDdpZO6s1.png,/data/plugins/tvh_m3u_plugin/docs/assets/wavve/tmsSDdpZO6s1.png
wavve,uaiFEIHNctr9.png,/data/plugins/tvh_m3u_plugin/docs/assets/wavve/uaiFEIHNctr9.png
wavve,ul75p29PnqGa.png,/data/plugins/tvh_m3u_plugin/docs/assets/wavve/ul75p29PnqGa.png
wavve,zWiHyNn7YCwJ.png,/data/plugins/tvh_m3u_plugin/docs/assets/wavve/zWiHyNn7YCwJ.png
wavve,ziciL9RkmKlQ.png,/data/plugins/tvh_m3u_plugin/docs/assets/wavve/ziciL9RkmKlQ.png
tving,23nWT7fPei1z.png,/data/plugins/tvh_m3u_plugin/docs/assets/tving/23nWT7fPei1z.png
tving,51fpovQTLNZY.png,/data/plugins/tvh_m3u_plugin/docs/assets/tving/51fpovQTLNZY.png
tving,9qWywpjxEqtQ.png,/data/plugins/tvh_m3u_plugin/docs/assets/tving/9qWywpjxEqtQ.png
tving,A4Rj5mPfNZqV.png,/data/plugins/tvh_m3u_plugin/docs/assets/tving/A4Rj5mPfNZqV.png
tving,Abx9Y6q0BqzV.png,/data/plugins/tvh_m3u_plugin/docs/assets/tving/Abx9Y6q0BqzV.png
tving,BClacGKKC8er.png,/data/plugins/tvh_m3u_plugin/docs/assets/tving/BClacGKKC8er.png
tving,DNc72SnegTDH.png,/data/plugins/tvh_m3u_plugin/docs/assets/tving/DNc72SnegTDH.png
tving,N2NcpKu1Y7mr.png,/data/plugins/tvh_m3u_plugin/docs/assets/tving/N2NcpKu1Y7mr.png
tving,NkooYZqNRBLF.png,/data/plugins/tvh_m3u_plugin/docs/assets/tving/NkooYZqNRBLF.png
tving,ORBhJ0BOE03n.png,/data/plugins/tvh_m3u_plugin/docs/assets/tving/ORBhJ0BOE03n.png
tving,PBIDhQs3RP0A.png,/data/plugins/tvh_m3u_plugin/docs/assets/tving/PBIDhQs3RP0A.png
tving,PCbaOJniKEcq.png,/data/plugins/tvh_m3u_plugin/docs/assets/tving/PCbaOJniKEcq.png
tving,QcTPWMT4wB9O.png,/data/plugins/tvh_m3u_plugin/docs/assets/tving/QcTPWMT4wB9O.png
tving,S8ZSSCzK9Vs0.png,/data/plugins/tvh_m3u_plugin/docs/assets/tving/S8ZSSCzK9Vs0.png
tving,VUVVe9hp58vh.png,/data/plugins/tvh_m3u_plugin/docs/assets/tving/VUVVe9hp58vh.png
tving,WLqbwUvYVjp7.png,/data/plugins/tvh_m3u_plugin/docs/assets/tving/WLqbwUvYVjp7.png
tving,XUdIYLEgFmRq.png,/data/plugins/tvh_m3u_plugin/docs/assets/tving/XUdIYLEgFmRq.png
tving,ah7SxYIQ1gj0.png,/data/plugins/tvh_m3u_plugin/docs/assets/tving/ah7SxYIQ1gj0.png
tving,bQVYWRTYgB8X.png,/data/plugins/tvh_m3u_plugin/docs/assets/tving/bQVYWRTYgB8X.png
tving,fg9wQI77q7y7.png,/data/plugins/tvh_m3u_plugin/docs/assets/tving/fg9wQI77q7y7.png
tving,gtOEZHc7DpPj.png,/data/plugins/tvh_m3u_plugin/docs/assets/tving/gtOEZHc7DpPj.png
tving,n6psaZx6Dbz8.png,/data/plugins/tvh_m3u_plugin/docs/assets/tving/n6psaZx6Dbz8.png
tving,owo3u1wiH31c.png,/data/plugins/tvh_m3u_plugin/docs/assets/tving/owo3u1wiH31c.png
tving,s0d8DZCr0KNu.png,/data/plugins/tvh_m3u_plugin/docs/assets/tving/s0d8DZCr0KNu.png
tving,sF9JZl0ACVxl.png,/data/plugins/tvh_m3u_plugin/docs/assets/tving/sF9JZl0ACVxl.png
tving,soTa051mN9jf.png,/data/plugins/tvh_m3u_plugin/docs/assets/tving/soTa051mN9jf.png
tving,sq2wQ72wWhXf.png,/data/plugins/tvh_m3u_plugin/docs/assets/tving/sq2wQ72wWhXf.png
tving,uaiFEIHNctr9.png,/data/plugins/tvh_m3u_plugin/docs/assets/tving/uaiFEIHNctr9.png
tving,ul75p29PnqGa.png,/data/plugins/tvh_m3u_plugin/docs/assets/tving/ul75p29PnqGa.png
tving,wjQUre4D4g1Z.png,/data/plugins/tvh_m3u_plugin/docs/assets/tving/wjQUre4D4g1Z.png
tving,xoHIGNGFuxxv.png,/data/plugins/tvh_m3u_plugin/docs/assets/tving/xoHIGNGFuxxv.png
tving,zWiHyNn7YCwJ.png,/data/plugins/tvh_m3u_plugin/docs/assets/tving/zWiHyNn7YCwJ.png
